Model,Accuracy,Precision,Recall,F1-Score,ROC-AUC
ChaSTE RF,0.8181818181818182,0.8125,0.5416666666666666,0.65,0.75
ILSA GB,0.7880597014925373,0.4523809523809524,0.2835820895522388,0.3486238532110092,0.5759913120962352
Fusion XGB,0.7142857142857143,0.7307692307692307,0.5588235294117647,0.6333333333333333,0.7482900136798906
