Model,Accuracy,Precision,Recall,F1-Score,ROC-AUC
ChaSTE RF,0.8181818181818182,0.8125,0.5416666666666666,0.65,0.75
ILSA RF,0.7134328358208956,0.3013698630136986,0.3283582089552239,0.3142857142857143,0.5648808197816886
Fusion XGB,0.6753246753246753,0.6551724137931034,0.5588235294117647,0.6031746031746031,0.7476060191518468
